name,price,url
"Ocado British Chicken Thighs
1kg
Warburtons Toastie Thick Sliced White Bread
800g
Nutella Hazelnut Chocolate Spread
200g
Ocado British White Potatoes
2.5kg
Ocado Root Ginger
125g
Heinz Baked Beanz in Tomato Sauce
4 x 415g
PG Tips Pyramid Biodegradable Teabags
40 per pack
Quorn Vegetarian Mince
500g
Dettol Antibacterial Disinfectant Surface Cleaning Spray
750ml
Ocado British Semi Skimmed Milk 4 Pints
2.272L
Ocado Cucumber
Ocado Broccoli
Ocado Large Free Range Eggs
12 per pack
Ocado British Semi Skimmed Milk 2 Pints
1.136L
Ocado Carrots
1kg
Oatly Oat Drink Barista Edition Long Life
1L
Ocado Red Seedless Grapes
500g
Ocado Blueberries
150g
Ocado British Strawberries
227g
Ocado Lean Beef Steak Mince 5% Fat
500g
Ocado Mixed Peppers
4 per pack
Ocado British Whole Milk 4 Pints
2.272L
Fyffes Rainforest Alliance Bananas
5 per pack
Ocado Large Free Range Eggs
6 per pack
Ocado British Cauliflower
Ocado Easy Peelers
600g
Ocado Raspberries
150g
Ocado Red Peppers
3 per pack
Ocado Baby Plum Tomatoes
325g
Ocado Aubergine
Ocado Super Soft White Toilet Tissue
9 per pack
Ocado Tomatoes
6 per pack
Ocado British Unsalted Butter
250g
Ocado 2 Salmon Skin On Mid/Tail Fillets
240g
Tilda Microwave Pure Basmati Rice                           
250g
Ocado Large Garlic
Ocado Leeks
500g
Ocado Organic Blueberries
150g
Warburtons Crumpets
6 per pack
M&S Super Soft White Thick Sliced Bread
800g
Ocado Red Kidney Beans in Water
400g
Oatly Original Oat Drink Long Life 
1L
M&S Super Soft White Medium Sliced Bread
800g
Jackson's Multigrain Brown Bloomer
800g
Ocado 2 Skinless British Chicken Breast Fillets
350g
Ocado British Skimmed Milk 2 Pints
1.136L
Ocado Organic Eggs Mixed Weight
12 per pack
Warburtons Toastie Thick Sliced White Bread
800g
Ocado British Whole Milk 2 Pints
1.136L
M&S Super Soft Wholemeal Medium Sliced Bread
800g
Ocado British Chicken Thighs
1kg
Ocado British White Potatoes
2.5kg
Ocado Root Ginger
125g
Heinz Baked Beanz in Tomato Sauce
4 x 415g
Dettol Antibacterial Disinfectant Surface Cleaning Spray
750ml
Quorn Vegetarian Mince
500g
Nutella Hazelnut Chocolate Spread
200g
PG Tips Pyramid Biodegradable Teabags
40 per pack","£2.60
£1.25
£1.90
£1.15
£1.05
£3.50
£1.35
£2.95
£1.50
£1.55
69p
63p
£2.30
£1.25
45p
£1.75
£1.75
£1.75
£2
£3.20
£2
£1.55
71p
£1.60
95p
£1.35
£1.89
£1.50
£1
75p
£4
81p
£1.99
£4
£1
65p
£1.40
£2.50
85p
70p
60p
£1.45
70p
£1.75
£2.90
£1.25
£3.85
£1.25
£1.25
70p
£2.60
£1.15
£1.05
£3.50
£1.50
£2.95
£1.90
£1.35","/products/ocado-british-chicken-thighs-56966011
/products/warburtons-toastie-thick-sliced-white-bread-27501011
/products/nutella-hazelnut-chocolate-spread-14251011
/products/ocado-british-white-potatoes-44859011
/products/ocado-root-ginger-282942011
/products/heinz-baked-beanz-in-tomato-sauce-12282011
/products/pg-tips-pyramid-biodegradable-teabags-13237011
/products/quorn-vegetarian-mince-84084011
/products/dettol-antibacterial-disinfectant-surface-cleaning-spray-272710011
/products/ocado-british-semi-skimmed-milk-4-pints-78914011
/products/ocado-cucumber-240875011
/products/ocado-broccoli-59106011
/products/ocado-large-free-range-eggs-57294011
/products/ocado-british-semi-skimmed-milk-2-pints-78922011
/products/ocado-carrots-63026011
/products/oatly-oat-drink-barista-edition-long-life-274675011
/products/ocado-red-seedless-grapes-96798011
/products/ocado-blueberries-53687011
/products/ocado-british-strawberries-47577011
/products/ocado-lean-beef-steak-mince-5-fat-77760011
/products/ocado-mixed-peppers-44858011
/products/ocado-british-whole-milk-4-pints-78920011
/products/fyffes-rainforest-alliance-bananas-579993011
/products/ocado-large-free-range-eggs-57293011
/products/ocado-british-cauliflower-65350011
/products/ocado-easy-peelers-44847011
/products/ocado-raspberries-67190011
/products/ocado-red-peppers-65259011
/products/ocado-baby-plum-tomatoes-65254011
/products/ocado-aubergine-474749011
/products/ocado-super-soft-white-toilet-tissue-294455011
/products/ocado-tomatoes-65255011
/products/ocado-british-unsalted-butter-556966011
/products/ocado-2-salmon-skin-on-mid-tail-fillets-78319011
/products/tilda-microwave-pure-basmati-rice-36384011
/products/ocado-large-garlic-91370011
/products/ocado-leeks-304362011
/products/ocado-organic-blueberries-91089011
/products/warburtons-crumpets-27524011
/products/m-s-super-soft-white-thick-sliced-bread-510721011
/products/ocado-red-kidney-beans-in-water-293717011
/products/oatly-original-oat-drink-long-life-41345011
/products/m-s-super-soft-white-medium-sliced-bread-510649011
/products/jackson-s-multigrain-brown-bloomer-86084011
/products/ocado-2-skinless-british-chicken-breast-fillets-269067011
/products/ocado-british-skimmed-milk-2-pints-278140011
/products/ocado-organic-eggs-mixed-weight-307865011
/products/warburtons-toastie-thick-sliced-white-bread-27501011
/products/ocado-british-whole-milk-2-pints-278141011
/products/m-s-super-soft-wholemeal-medium-sliced-bread-510573011
/products/ocado-british-chicken-thighs-56966011
/products/ocado-british-white-potatoes-44859011
/products/ocado-root-ginger-282942011
/products/heinz-baked-beanz-in-tomato-sauce-12282011
/products/dettol-antibacterial-disinfectant-surface-cleaning-spray-272710011
/products/quorn-vegetarian-mince-84084011
/products/nutella-hazelnut-chocolate-spread-14251011
/products/pg-tips-pyramid-biodegradable-teabags-13237011"
